{"stats":{"minecraft:custom":{"minecraft:time_since_rest":7780,"minecraft:crouch_one_cm":7,"minecraft:sprint_one_cm":14663,"minecraft:play_time":7780,"minecraft:damage_taken":50,"minecraft:walk_one_cm":5768,"minecraft:sneak_time":92,"minecraft:walk_under_water_one_cm":200,"minecraft:jump":145,"minecraft:damage_dealt":18,"minecraft:leave_game":2,"minecraft:walk_on_water_one_cm":1737,"minecraft:time_since_death":7780,"minecraft:total_world_time":7780,"minecraft:swim_one_cm":7884,"minecraft:fly_one_cm":30482,"minecraft:fall_one_cm":5269},"minecraft:picked_up":{"minecraft:azure_bluet":1,"minecraft:wheat_seeds":4,"minecraft:oak_log":5,"minecraft:sugar_cane":31,"minecraft:dirt":3,"minecraft:sunflower":4},"minecraft:used":{"minecraft:dirt":3,"minecraft:sunflower":3,"minecraft:azure_bluet":1,"minecraft:sugar_cane":9},"minecraft:mined":{"minecraft:short_grass":12,"minecraft:oak_log":5,"minecraft:grass_block":3,"minecraft:sunflower":4,"minecraft:tall_grass":2,"minecraft:sugar_cane":17,"minecraft:oak_leaves":3,"minecraft:azure_bluet":1}},"DataVersion":3839}