{"stats":{"minecraft:used":{"minecraft:dirt":2,"minecraft:sunflower":3,"minecraft:sugar_cane":9},"minecraft:custom":{"minecraft:jump":63,"minecraft:time_since_rest":5379,"minecraft:damage_dealt":15,"minecraft:leave_game":1,"minecraft:sprint_one_cm":6561,"minecraft:play_time":5379,"minecraft:walk_on_water_one_cm":205,"minecraft:time_since_death":5379,"minecraft:walk_one_cm":3651,"minecraft:total_world_time":5379,"minecraft:fall_one_cm":2357,"minecraft:fly_one_cm":13543},"minecraft:mined":{"minecraft:short_grass":11,"minecraft:tall_grass":2,"minecraft:grass_block":2,"minecraft:sugar_cane":5,"minecraft:sunflower":3},"minecraft:picked_up":{"minecraft:sugar_cane":9,"minecraft:wheat_seeds":3,"minecraft:dirt":2,"minecraft:sunflower":3}},"DataVersion":3839}